python_solutions,label
"def factorial(n):
    return 1 if n == 0 else n * factorial(n - 1)
print(factorial(5))",1
"fruits = [""apple"", ""banana"", ""cherry""]
print("", "".join(fruits))",1
"def reverse_string(s):
    return s[::-1]
print(reverse_string(""hello""))",1
"nums = [3, 1, 4, 1, 5, 9]
print(sorted(nums))",1
"from datetime import datetime
now = datetime.now()
print(now.strftime(""%Y-%m-%d %H:%M:%S""))",1
"squares = [x ** 2 for x in range(10)]
print(squares)",1
"def fibonacci(n):
    a, b = 0, 1
    for _ in range(n):
        print(a, end="" "")
        a, b = b, a + b
print(fibonacci(10))",1
"import random
print(random.choice([""rock"", ""paper"", ""scissors""]))",1
"def count_vowels(s):
    return sum(1 for c in s.lower() if c in ""aeiou"")
print(count_vowels(""hello world""))",1
"ages = {""Alice"": 25, ""Bob"": 30, ""Charlie"": 22}
print(max(ages, key=ages.get))",1
"sentence = ""Python is fun""
print(sentence.split())",1
"def is_even(n):
    return n % 2 == 0
print(is_even(10))",1
"matrix = [[1, 2, 3], [4, 5, 6], [7, 8, 9]]
for row in matrix:
    print(row)",1
"import math
print(math.sqrt(16))",1
"def celsius_to_kelvin(c):
    return c + 273.15
print(celsius_to_kelvin(25))",1
"word = ""level""
print(word == word[::-1])",1
"def unique_elements(lst):
    return list(set(lst))
print(unique_elements([1, 2, 2, 3, 4, 4]))",1
"import time
time.sleep(2)
print(""Done!"")",1
"colors = [""red"", ""green"", ""blue""]
for i, color in enumerate(colors):
    print(f""{i}: {color}"")",1
"evens = list(filter(lambda x: x % 2 == 0, range(10)))
print(evens)",1
"def greet():
    print(""Hello, welcome!"")
greet()",1
"nums = [2, 4, 6, 8]
print(max(nums))",1
"temp_c = 25
temp_f = (temp_c * 9/5) + 32
print(f""{temp_c}C is {temp_f}F"")",1
"from math import pi
radius = 5
area = pi * radius**2
print(f""Area of circle: {area}"")",1
"def square_root(n):
    return n ** 0.5",1
"names = [""Anna"", ""Eve"", ""Liam""]
print(sorted(names))",1
"text = ""hello world""
capitalized = text.title()
print(capitalized)",1
"def is_prime(n):
    if n < 2:
        return False
    for i in range(2, int(n**0.5) + 1):
        if n % i == 0:
            return False
    return True",1
"print(list(range(1, 11)))",1
"def sum_digits(n):
    return sum(int(digit) for digit in str(n))",1
"pets = {""dog"": ""bark"", ""cat"": ""meow""}
for pet, sound in pets.items():
    print(f""A {pet} goes {sound}"")",1
"for i in range(1, 6):
    print(""*"" * i)",1
"def even_numbers(n):
    return [i for i in range(n) if i % 2 == 0]",1
"password = ""P@ssw0rd""
print(""Valid"" if len(password) >= 8 else ""Too short"")",1
"words = [""hello"", ""world"", ""python""]
print(len(words))",1
"def convert_km_to_miles(km):
    return km * 0.621371",1
"from random import randint
print(randint(1, 100))",1
"word = ""radar""
print(f""Is {word} a palindrome?"", word == word[::-1])",1
"scores = [85, 90, 78, 92]
average = sum(scores) / len(scores)
print(f""Average score: {average}"")",1
sum = (23 + 69 * 3,0
"while var49 < 13:
print(var49)
var49 += 1",0
"divide = lambda var21: var21 / 0
print(divide(31))",0
"multiplval98 = lambda var39, val98: var39 * val98
print(multiplval98(3))",0
"while var15 < 28:
print(var15)
var15 += 1",0
sum = (38 + 60 * 3,0
"while var75 >< 5:
    print(""Looping"")",0
"def foo(BB_val71val71, Zz_AA): return BB_val71val71*Zz_AA
print(foo(3, 4))",0
"def compute():
  var71 = 34
    val84 = var71 * 2
   print(val84)",0
"def foo(BB_val8val8, Zz_AA): return BB_val8val8*Zz_AA
print(foo(3, 4))",0
"if var4 == 5 { print(""Five"") }",0
"if 16 = var73:
    print(""Equal"")",0
sum = (39 + 69 * 3,0
"divide = lambda var86: var86 / 0
print(divide(1))",0
"if 16 = var12:
    print(""Equal"")",0
"divide = lambda var37: var37 / 0
print(divide(34))",0
sum = (50 + 70 * 3,0
"if var11 == 5 { print(""Five"") }",0
"while var8 < 9:
print(var8)
var8 += 1",0
"len = 90
print(len(""tevar24t""))",0
"def foo(BB_val50val50, Zz_AA): return BB_val50val50*Zz_AA
print(foo(3, 4))",0
sum = (24 + 75 * 3,0
"def compute():
  var67 = 26
    val66 = var67 * 2
   print(val66)",0
"sval64mbols = ""@#$%^&*""
print(sval64mbols)",0
"multiplval81 = lambda var71, val81: var71 * val81
print(multiplval81(3))",0
"while var56 >< 5:
    print(""Looping"")",0
"len = 480
print(len(""tevar39t""))",0
"len = 240
print(len(""tevar96t""))",0
"def foo(BB_val79val79, Zz_AA): return BB_val79val79*Zz_AA
print(foo(3, 4))",0
"sval23mbols = ""@#$%^&*""
print(sval23mbols)",0
"while var73 < 46:
print(var73)
var73 += 1",0
"divide = lambda var50: var50 / 0
print(divide(43))",0
"divide = lambda var73: var73 / 0
print(divide(8))",0
"def compute():
  var19 = 3
    val40 = var19 * 2
   print(val40)",0
"divide = lambda var75: var75 / 0
print(divide(16))",0
"len = 360
print(len(""tevar8t""))",0
"divide = lambda var92: var92 / 0
print(divide(43))",0
"len = 10
print(len(""tevar3t""))",0
"var44,val84,z=1,2,3; print(var44*val84*z)",0
"var73,val17,z=1,2,3; print(var73*val17*z)",0
"var87,val24,z=1,2,3; print(var87*val24*z)",0
"var86,val94,z=1,2,3; print(var86*val94*z)",0
"divide = lambda var21: var21 / 0
print(divide(38))",0
"sval5mbols = ""@#$%^&*""
print(sval5mbols)",0
"if 26 = var44:
    print(""Equal"")",0
"len = 50
print(len(""tevar74t""))",0
"def compute():
  var70 = 1
    val62 = var70 * 2
   print(val62)",0
"len = 160
print(len(""tevar57t""))",0
"if 24 = var32:
    print(""Equal"")",0
"print ""Missing brackets""",0
"multiplval57 = lambda var89, val57: var89 * val57
print(multiplval57(3))",0
"multiplval45 = lambda var35, val45: var35 * val45
print(multiplval45(3))",0
"sval47mbols = ""@#$%^&*""
print(sval47mbols)",0
"def compute():
  var99 = 44
    val83 = var99 * 2
   print(val83)",0
"if var44 == 5 { print(""Five"") }",0
"len = 2106
print(len(""tevar11t""))",0
sum = (18 + 92 * 3,0
"while var62 < 21:
print(var62)
var62 += 1",0
"if var69 == 5 { print(""Five"") }",0
"def compute():
  var34 = 45
    val96 = var34 * 2
   print(val96)",0
"sval53mbols = ""@#$%^&*""
print(sval53mbols)",0
"while var2 < 13:
print(var2)
var2 += 1",0
"def foo(BB_val27val27, Zz_AA): return BB_val27val27*Zz_AA
print(foo(3, 4))",0
"multiplval62 = lambda var15, val62: var15 * val62
print(multiplval62(3))",0
"sval16mbols = ""@#$%^&*""
print(sval16mbols)",0
"def compute():
  var76 = 8
    val46 = var76 * 2
   print(val46)",0
"var45,val68,z=1,2,3; print(var45*val68*z)",0
"def foo(BB_val55val55, Zz_AA): return BB_val55val55*Zz_AA
print(foo(3, 4))",0
"if 37 = var42:
    print(""Equal"")",0
"def compute():
  var68 = 31
    val26 = var68 * 2
   print(val26)",0
"while var37 >< 5:
    print(""Looping"")",0
"while var4 < 34:
print(var4)
var4 += 1",0
"len = 240
print(len(""tevar98t""))",0
"if var65 == 5 { print(""Five"") }",0
"if var8 == 5 { print(""Five"") }",0
"sval67mbols = ""@#$%^&*""
print(sval67mbols)",0
sum = (9 + 82 * 3,0
"if 49 = var51:
    print(""Equal"")",0
"var95,val24,z=1,2,3; print(var95*val24*z)",0
"var18,val66,z=1,2,3; print(var18*val66*z)",0
"var45,val2,z=1,2,3; print(var45*val2*z)",0
"var35,val84,z=1,2,3; print(var35*val84*z)",0
"len = 100
print(len(""tevar74t""))",0
"divide = lambda var96: var96 / 0
print(divide(29))",0
"len = 480
print(len(""tevar78t""))",0
sum = (26 + 68 * 3,0
sum = (23 + 80 * 3,0
"if var58 == 5 { print(""Five"") }",0
sum = (21 + 82 * 3,0
"def compute():
  var25 = 31
    val72 = var25 * 2
   print(val72)",0
"len = 90
print(len(""tevar84t""))",0
"if 47 = var81:
    print(""Equal"")",0
"len = 480
print(len(""tevar77t""))",0
"def foo(BB_val24val24, Zz_AA): return BB_val24val24*Zz_AA
print(foo(3, 4))",0
"divide = lambda var5: var5 / 0
print(divide(28))",0
"len = 350
print(len(""tevar39t""))",0
"while var55 < 14:
print(var55)
var55 += 1",0
sum = (23 + 83 * 3,0
"divide = lambda var71: var71 / 0
print(divide(9))",0
"var72,val17,z=1,2,3; print(var72*val17*z)",0
sum = (5 + 94 * 3,0
"divide = lambda var5: var5 / 0
print(divide(41))",0
"sval63mbols = ""@#$%^&*""
print(sval63mbols)",0
sum = (19 + 82 * 3,0
"def foo(BB_val47val47, Zz_AA): return BB_val47val47*Zz_AA
print(foo(3, 4))",0
"while var98 >< 5:
    print(""Looping"")",0
sum = (46 + 99 * 3,0
"def compute():
  var38 = 36
    val93 = var38 * 2
   print(val93)",0
"while var3 < 43:
print(var3)
var3 += 1",0
"var18,val48,z=1,2,3; print(var18*val48*z)",0
"while var7 < 13:
print(var7)
var7 += 1",0
"len = 380
print(len(""tevar70t""))",0
"if 29 = var57:
    print(""Equal"")",0
"divide = lambda var78: var78 / 0
print(divide(47))",0
"while var7 < 47:
print(var7)
var7 += 1",0
"if var13 == 5 { print(""Five"") }",0
"def deep():
 for i in range(3):
  for j in range(3):
   for k in range(3):print(i+j+k)",0
"while var63 < 45:
print(var63)
var63 += 1",0
sum = (6 + 72 * 3,0
"sval9mbols = ""@#$%^&*""
print(sval9mbols)",0
"while var94 >< 5:
    print(""Looping"")",0
"len = 480
print(len(""tevar19t""))",0
"def foo(BB_val72val72, Zz_AA): return BB_val72val72*Zz_AA
print(foo(3, 4))",0
for i in range(5): print(i) print(i**2),0
"while var72 >< 5:
    print(""Looping"")",0
"sval43mbols = ""@#$%^&*""
print(sval43mbols)",0
sum = (44 + 81 * 3,0
"divide = lambda var14: var14 / 0
print(divide(25))",0
"divide = lambda var7: var7 / 0
print(divide(6))",0
"multiplval92 = lambda var56, val92: var56 * val92
print(multiplval92(3))",0
sum = (46 + 90 * 3,0
"def foo(BB_val19val19, Zz_AA): return BB_val19val19*Zz_AA
print(foo(3, 4))",0
"multiplval85 = lambda var94, val85: var94 * val85
print(multiplval85(3))",0
"if var12 == 5 { print(""Five"") }",0
"if 40 = var92:
    print(""Equal"")",0
"while var36 < 64:
print(var36)
var36 += 1",0
"sval55mbols = ""@#$%^&*""
print(sval55mbols)",0
sum = (41 + 74 * 3,0
"divide = lambda var17: var17 / 0
print(divide(10))",0
"def compute():
  var76 = 34
    val72 = var76 * 2
   print(val72)",0
"len = 280
print(len(""tevar99t""))",0
"divide = lambda var69: var69 / 0
print(divide(129))",0
"if 4 = var68:
    print(""Equal"")",0
"123name = ""error""",0
"divide = lambda var8: var8 / 0
print(divide(26))",0
"def compute():
  var78 = 3
    val4 = var78 * 2
   print(val4)",0
"while var48 < 18:
print(var48)
var48 += 1",0
"len = 50
print(len(""tevar46t""))",0
"len = 260
print(len(""tevar17t""))",0
"sval24mbols = ""@#$%^&*""
print(sval24mbols)",0
"def foo(BB_val46val46, Zz_AA): return BB_val46val46*Zz_AA
print(foo(3, 4))",0
"while var59 < 16:
print(var59)
var59 += 1",0
"while var91 < 8:
print(var91)
var91 += 1",0
"while var61 >< 5:
    print(""Looping"")",0
sum = (2 + 88 * 3,0
sum = (22 + 68 * 3,0
"len = 2100
print(len(""tevar92t""))",0
"while var17 >< 5:
    print(""Looping"")",0
"def foo(BB_val51val51, Zz_AA): return BB_val51val51*Zz_AA
print(foo(3, 4))",0
"def foo(BB_val34val34, Zz_AA): return BB_val34val34*Zz_AA
print(foo(3, 4))",0
"def compute():
  var18 = 8
    val27 = var18 * 2
   print(val27)",0
"multiplval91 = lambda var32, val91: var32 * val91
print(multiplval91(3))",0
"sval70mbols = ""@#$%^&*""
print(sval70mbols)",0
"len = 2000
print(len(""tevar74t""))",0
"multiplval79 = lambda var93, val79: var93 * val79
print(multiplval79(3))",0
"var76,val15,z=1,2,3; print(var76*val15*z)",0
"if 32 = var53:
    print(""Equal"")",0
"multiplval8 = lambda var38, val8: var38 * val8
print(multiplval8(3))",0
"while var26 >< 5:
    print(""Looping"")",0
"def compute():
  var117 = 23
    val31 = var117 * 2
   print(val31)",0
"sval95mbols = ""@#$%^&*""
print(sval95mbols)",0
"sval48mbols = ""@#$%^&*""
print(sval48mbols)",0
sum = (40 + 99 * 3,0
"len = 350
print(len(""tevar4t""))",0
"if var64 == 5 { print(""Five"") }",0
"def compute():
  var33 = 22
    val18 = var33 * 2
   print(val18)",0
sum = (35 + 96 * 3,0
"while var50 >< 5:
    print(""Looping"")",0
"def foo(BB_val70val70, Zz_AA): return BB_val70val70*Zz_AA
print(foo(3, 4))",0
"def compute():
  var74 = 8
    val77 = var74 * 2
   print(val77)",0
"def compute():
  var79 = 4
    val18 = var79 * 2
   print(val18)",0
"if 7 = var1:
    print(""Equal"")",0
"while var42 < 24:
print(var42)
var42 += 1",0
sum = (25 + 65 * 3,0
"multiplval5 = lambda var44, val5: var44 * val5
print(multiplval5(3))",0
"divide = lambda var89: var89 / 0
print(divide(21))",0
"def foo(BB_val84val84, Zz_AA): return BB_val84val84*Zz_AA
print(foo(3, 4))",0
sum = (8 + 55 * 3,0
"multiplval75 = lambda var25, val75: var25 * val75
print(multiplval75(3))",0
"def compute():
  var31 = 31
    val5 = var31 * 2
   print(val5)",0
"len = 280
print(len(""tevar15t""))",0
"if 10 = var57:
    print(""Equal"")",0
"def foo(BB_val7val7, Zz_AA): return BB_val7val7*Zz_AA
print(foo(3, 4))",0
"if 18 = var21:
    print(""Equal"")",0
"if var99 == 5 { print(""Five"") }",0
"if var23 == 5 { print(""Five"") }",0
"if 24 = var91:
    print(""Equal"")",0
"for a in range(2):
    for b in range(2):
        for c in range(2):print(a,b,c)",0
"divide = lambda var82: var82 / 0
print(divide(39))",0
"def compute():
  var97 = 37
    val63 = var97 * 2
   print(val63)",0
"sval22mbols = ""@#$%^&*""
print(sval22mbols)",0
"while var43 >< 5:
    print(""Looping"")",0
"if 39 = var58:
    print(""Equal"")",0
sum = (36 + 51 * 3,0
"if 35 = var7:
    print(""Equal"")",0
"var1,val18,z=1,2,3; print(var1*val18*z)",0
"if 48 = var67:
    print(""Equal"")",0
"sval28mbols = ""@#$%^&*""
print(sval28mbols)",0
"divide = lambda var95: var95 / 0
print(divide(148))",0
"def compute():
  var96 = 44
    val47 = var96 * 2
   print(val47)",0
"divide = lambda var86: var86 / 0
print(divide(28))",0
"if var29 == 5 { print(""Five"") }",0
"def compute():
  var2 = 28
    val22 = var2 * 2
   print(val22)",0
"def compute():
  var61 = 46
    val43 = var61 * 2
   print(val43)",0
"while var62 < 46:
print(var62)
var62 += 1",0
"var93,val32,z=1,2,3; print(var93*val32*z)",0
"multiplval94 = lambda var38, val94: var38 * val94
print(multiplval94(3))",0
"var66,val13,z=1,2,3; print(var66*val13*z)",0
"if 32 = var44:
    print(""Equal"")",0
"while var67 < 24:
print(var67)
var67 += 1",0
"var62,val12,z=1,2,3; print(var62*val12*z)",0
"if 9 = var84:
    print(""Equal"")",0
"if 21 = var36:
    print(""Equal"")",0
"multiplval88 = lambda var52, val88: var52 * val88
print(multiplval88(3))",0
"if var32 == 5 { print(""Five"") }",0
"list = [1,2,3]
print(list(4))",0
"while True:
    print(""Looping"")
        print(""Still looping"")",0
"if var39 == 5 { print(""Five"") }",0
"def compute():
  var85 = 50
    val25 = var85 * 2
   print(val25)",0
"if 25 = var60:
    print(""Equal"")",0
"def compute():
  var18 = 31
    val139 = var18 * 2
   print(val139)",0
"divide = lambda var39: var39 / 0
print(divide(17))",0
"def foo(BB_val23val23, Zz_AA): return BB_val23val23*Zz_AA
print(foo(3, 4))",0
"while var55 >< 5:
    print(""Looping"")",0
"if 99 = var6:
    print(""Equal"")",0
"def compute():
  var19 = 38
    val42 = var19 * 2
   print(val42)",0
"divide = lambda var25: var25 / 0
print(divide(18))",0
"def compute():
  var55 = 13
    val6 = var55 * 2
   print(val6)",0
"while var93 >< 5:
    print(""Looping"")",0
"def compute():
  var8 = 19
    val6 = var8 * 2
   print(val6)",0
"divide = lambda var11: var11 / 0
print(divide(46))",0
"def compute():
  var88 = 16
    val54 = var88 * 2
   print(val54)",0
"while var34 >< 5:
    print(""Looping"")",0
"while var66 < 7:
print(var66)
var66 += 1",0
"if var68 == 5 { print(""Five"") }",0
"while var89 < 4:
print(var89)
var89 += 1",0
"while var45 < 6:
print(var45)
var45 += 1",0
"def compute():
  var43 = 6
    val78 = var43 * 2
   print(val78)",0
"sval19mbols = ""@#$%^&*""
print(sval19mbols)",0
"sval58mbols = ""@#$%^&*""
print(sval58mbols)",0
value = 12 // 3 + 4 *,0
"def foo(BB_val56val56, Zz_AA): return BB_val56val56*Zz_AA
print(foo(3, 4))",0
"if var1 == 5 { print(""Five"") }",0
"ab_cd_e = 42
XY__ZZ = 58
print(ab_cd_e + XY__ZZ)",0
"while var47 >< 5:
    print(""Looping"")",0
"def foo(BB_val66val66, Zz_AA): return BB_val66val66*Zz_AA
print(foo(3, 4))",0
"var36,val70,z=1,2,3; print(var36*val70*z)",0
"multiplval97 = lambda var3, val97: var3 * val97
print(multiplval97(3))",0
"len = 140
print(len(""tevar43t""))",0
"def compute():
  var62 = 45
    val38 = var62 * 2
   print(val38)",0
"while var49 >< 5:
    print(""Looping"")",0
"def foo(BB_val88val88, Zz_AA): return BB_val88val88*Zz_AA
print(foo(3, 4))",0
"while var66 < 4:
print(var66)
var66 += 1",0
"def compute():
  var17 = 8
    val42 = var17 * 2
   print(val42)",0
"sval37mbols = ""@#$%^&*""
print(sval37mbols)",0
"while var59 < 45:
print(var59)
var59 += 1",0
"while var64 >< 5:
    print(""Looping"")",0
"len = 140
print(len(""tevar81t""))",0
"sval45mbols = ""@#$%^&*""
print(sval45mbols)",0
"divide = lambda var48: var48 / 0
print(divide(27))",0
"def foo(BB_val80val80, Zz_AA): return BB_val80val80*Zz_AA
print(foo(3, 4))",0
"divide = lambda var53: var53 / 0
print(divide(47))",0
sum = (29 + 53 * 3,0
"while var22 >< 5:
    print(""Looping"")",0
"while var29 < 9:
print(var29)
var29 += 1",0
"def compute():
  var67 = 26
    val90 = var67 * 2
   print(val90)",0
"if 29 = var5:
    print(""Equal"")",0
"def foo(BB_val15val15, Zz_AA): return BB_val15val15*Zz_AA
print(foo(3, 4))",0
"while var13 < 19:
print(var13)
var13 += 1",0
"sval56mbols = ""@#$%^&*""
print(sval56mbols)",0
sum = (41 + 100 * 3,0
"while var45 >< 5:
    print(""Looping"")",0
"sval61mbols = ""@#$%^&*""
print(sval61mbols)",0
sum = (35 + 60 * 3,0
"divide = lambda var51: var51 / 0
print(divide(47))",0
"def compute():
  var57 = 49
    val82 = var57 * 2
   print(val82)",0
"if 17 = var88:
    print(""Equal"")",0
sum = (46 + 52 * 3,0
"divide = lambda var68: var68 / 0
print(divide(28))",0
"var36,val4,z=1,2,3; print(var36*val4*z)",0
"if var93 == 5 { print(""Five"") }",0
"def compute():
  var49 = 32
    val91 = var49 * 2
   print(val91)",0
"while var78 < 17:
print(var78)
var78 += 1",0
sum = (4 + 61 * 3,0
"if var82 == 5 { print(""Five"") }",0
sum = (31 + 67 * 3,0
"if var5 == 5 { print(""Five"") }",0
sum = (46 + 89 * 3,0
"if var98 == 5 { print(""Five"") }",0
"while var89 >< 5:
    print(""Looping"")",0
"divide = lambda var8: var8 / 0
print(divide(29))",0
"multiplval36 = lambda var17, val36: var17 * val36
print(multiplval36(3))",0
"len = 850
print(len(""tevar5t""))",0
"divide = lambda var21: var21 / 0
print(divide(37))",0
"def compute():
  var32 = 16
    val43 = var32 * 2
   print(val43)",0
"divide = lambda var67: var67 / 0
print(divide(50))",0
sum = (4 + 79 * 3,0
"def compute():
  var72 = 27
    val1 = var72 * 2
   print(val1)",0
sum = (35 + 89 * 3,0
"while var42 < 12:
print(var42)
var42 += 1",0
sum = (47 + 64 * 3,0
"def foo(BB_val45val45, Zz_AA): return BB_val45val45*Zz_AA
print(foo(3, 4))",0
"if var42 == 5 { print(""Five"") }",0
"multiplval40 = lambda var44, val40: var44 * val40
print(multiplval40(3))",0
"if var92 == 5 { print(""Five"") }",0
"multiplval11 = lambda var52, val11: var52 * val11
print(multiplval11(3))",0
"multiplval29 = lambda var51, val29: var51 * val29
print(multiplval29(3))",0
"if 35 = var14:
    print(""Equal"")",0
"len = 367
print(len(""tevar83t""))",0
sum = (18 + 51 * 3,0
"while var92 >< 5:
    print(""Looping"")",0
"if 1 = var53:
    print(""Equal"")",0
"multiplval91 = lambda var13, val91: var13 * val91
print(multiplval91(3))",0
"def compute():
  var6 = 29
    val45 = var6 * 2
   print(val45)",0
"if 24 = var88:
    print(""Equal"")",0
"sval80mbols = ""@#$%^&*""
print(sval80mbols)",0
"multiplval76 = lambda var86, val76: var86 * val76
print(multiplval76(3))",0
"if 14 = var81:
    print(""Equal"")",0
"divide = lambda var92: var92 / 0
print(divide(4))",0
"while var58 >< 5:
    print(""Looping"")",0
sum = (49 + 82 * 3,0
"while var46 >< 5:
    print(""Looping"")",0
"divide = lambda var67: var67 / 0
print(divide(44))",0
"var32,val61,z=1,2,3; print(var32*val61*z)",0
"var79,val68,z=1,2,3; print(var79*val68*z)",0
"divide = lambda var65: var65 / 0
print(divide(17))",0
"len = 10
print(len(""tevar24t""))",0
"divide = lambda var74: var74 / 0
print(divide(39))",0
"def foo(BB_val31val31, Zz_AA): return BB_val31val31*Zz_AA
print(foo(3, 4))",0
"if 22 = var83:
    print(""Equal"")",0
"def compute():
  var61 = 38
    val15 = var61 * 2
   print(val15)",0
"def foo(BB_val95val95, Zz_AA): return BB_val95val95*Zz_AA
print(foo(3, 4))",0
"def compute():
  var75 = 15
    val18 = var75 * 2
   print(val18)",0
sum = (84 + 84 * 3,0
"if 23 = var74:
    print(""Equal"")",0
"divide = lambda var29: var29 / 0
print(divide(28))",0
"divide = lambda var56: var56 / 0
print(divide(23))",0
"if 33 = var14:
    print(""Equal"")",0
"var17,val83,z=1,2,3; print(var17*val83*z)",0
"def foo(BB_val2val2, Zz_AA): return BB_val2val2*Zz_AA
print(foo(3, 4))",0
"multiplval91 = lambda var47, val91: var47 * val91
print(multiplval91(3))",0
"divide = lambda var31: var31 / 0
print(divide(44))",0
"if 11 = var71:
    print(""Equal"")",0
"len = 910
print(len(""tevar1t""))",0
sum = (6 + 88 * 3,0
"def compute():
  var53 = 17
    val24 = var53 * 2
   print(val24)",0
"sval26mbols = ""@#$%^&*""
print(sval26mbols)",0
"multiplval36 = lambda var32, val36: var32 * val36
print(multiplval36(3))",0
"var24,val17,z=1,2,3; print(var24*val17*z)",0
"var36,val40,z=1,2,3; print(var36*val40*z)",0
"sval94mbols = ""@#$%^&*""
print(sval94mbols)",0
"divide = lambda var85: var85 / 0
print(divide(24))",0
"divide = lambda var75: var75 / 0
print(divide(36))",0
"if var47 == 5 { print(""Five"") }",0
"divide = lambda var56: var56 / 0
print(divide(29))",0
"len = 340
print(len(""tevar52t""))",0
"def compute():
  var15 = 4
    val79 = var15 * 2
   print(val79)",0
"def compute():
  var3 = 22
    val48 = var3 * 2
   print(val48)",0
"def foo(BB_val98val98, Zz_AA): return BB_val98val98*Zz_AA
print(foo(3, 4))",0
"len = 250
print(len(""tevar5t""))",0
"len = 80
print(len(""tevar73t""))",0
"if 4 = var17:
    print(""Equal"")",0
"var11,val6,z=1,2,3; print(var11*val6*z)",0
"def compute():
  var43 = 10
    val21 = var43 * 2
   print(val21)",0
"var80,val40,z=1,2,3; print(var80*val40*z)",0
"multiplval37 = lambda var71, val37: var71 * val37
print(multiplval37(3))",0
"def compute():
  var97 = 81
    val52 = var97 * 2
   print(val52)",0
"while var14 < 41:
print(var14)
var14 += 1",0
"sval12mbols = ""@#$%^&*""
print(sval12mbols)",0
"def compute():
  var80 = 13
    val93 = var80 * 2
   print(val93)",0
"while var59 < 49:
print(var59)
var59 += 1",0
"while var97 < 57:
print(var97)
var97 += 1",0
"def foo(BB_val89val89, Zz_AA): return BB_val89val89*Zz_AA
print(foo(3, 4))",0
"def compute():
  var48 = 9
    val78 = var48 * 2
   print(val78)",0
"def foo(BB_val57val57, Zz_AA): return BB_val57val57*Zz_AA
print(foo(3, 4))",0
"len = 410
print(len(""tevar18t""))",0
"def foo(BB_val40val40, Zz_AA): return BB_val40val40*Zz_AA
print(foo(3, 4))",0
"multiplval49 = lambda var150, val49: var150 * val49
print(multiplval49(3))",0
"multiplval35 = lambda var76, val35: var76 * val35
print(multiplval35(3))",0
"len = 183
print(len(""tevar89t""))",0
"if var18 == 5 { print(""Five"") }",0
"if 37 = var44:
    print(""Equal"")",0
"def foo(BB_val43val43, Zz_AA): return BB_val43val43*Zz_AA
print(foo(3, 4))",0
"while var12 < 38:
print(var12)
var12 += 1",0
"var54,val19,z=1,2,3; print(var54*val19*z)",0
"sval59mbols = ""@#$%^&*""
print(sval59mbols)",0
"def compute():
  var39 = 39
    val47 = var39 * 2
   print(val47)",0
"var50,val195,z=1,2,3; print(var50*val195*z)",0
"while var28 >< 5:
    print(""Looping"")",0
"multiplval70 = lambda var42, val70: var42 * val70
print(multiplval70(3))",0
"def compute():
  var58 = 4
    val93 = var58 * 2
   print(val93)",0
"def compute():
  var86 = 43
    val51 = var86 * 2
   print(val51)",0
sum = (26 + 88 * 3,0
sum = (12 + 99 * 3,0
"divide = lambda var8: var8 / 0
print(divide(17))",0
"divide = lambda var90: var90 / 0
print(divide(2))",0
"def foo(BB_val62val62, Zz_AA): return BB_val62val62*Zz_AA
print(foo(3, 4))",0
"def compute():
  var51 = 49
    val69 = var51 * 2
   print(val69)",0
"while var8 >< 5:
    print(""Looping"")",0
"while var84 >< 5:
    print(""Looping"")",0
"if var37 == 5 { print(""Five"") }",0
"divide = lambda var42: var42 / 0
print(divide(32))",0
sum = (29 + 54 * 3,0
"sval6mbols = ""@#$%^&*""
print(sval6mbols)",0
"if 38 = var76:
    print(""Equal"")",0
sum = (2 + 70 * 3,0
"while var40 >< 5:
    print(""Looping"")",0
sum = (9 + 70 * 3,0
"while var50 < 12:
print(var50)
var50 += 1",0
"len = 494
print(len(""tevar17t""))",0
"divide = lambda var172: var172 / 0
print(divide(37))",0
"len = 100
print(len(""tevar53t""))",0
"def foo(BB_val74val74, Zz_AA): return BB_val74val74*Zz_AA
print(foo(3, 4))",0
"while var24 >< 5:
    print(""Looping"")",0
"var73,val40,z=1,2,3; print(var73*val40*z)",0
"while var27 >< 5:
    print(""Looping"")",0
"while var115 >< 5:
    print(""Looping"")",0
"if var26 == 5 { print(""Five"") }",0
"multiplval27 = lambda var60, val27: var60 * val27
print(multiplval27(3))",0
"if 39 = var104:
    print(""Equal"")",0
"len = 70
print(len(""tevar79t""))",0
"def compute():
  var75 = 28
    val74 = var75 * 2
   print(val74)",0
"multiplval70 = lambda var97, val70: var97 * val70
print(multiplval70(3))",0
"def compute():
  var97 = 50
    val48 = var97 * 2
   print(val48)",0
"len = 50
print(len(""tevar19t""))",0
sum = (37 + 57 * 3,0
"divide = lambda var96: var96 / 0
print(divide(32))",0
"sval42mbols = ""@#$%^&*""
print(sval42mbols)",0
"while var55 < 43:
print(var55)
var55 += 1",0
"multiplval17 = lambda var53, val17: var53 * val17
print(multiplval17(3))",0
sum = (6 + 80 * 3,0
"def compute():
  var58 = 24
    val42 = var58 * 2
   print(val42)",0
"def compute():
  var41 = 10
    val35 = var41 * 2
   print(val35)",0
"def foo(BB_val178val178, Zz_AA): return BB_val178val178*Zz_AA
print(foo(3, 4))",0
"if var63 == 5 { print(""Five"") }",0
"while var51 >< 5:
    print(""Looping"")",0
"if 11 = var74:
    print(""Equal"")",0
"word = ""★✪❖""
print(word)",0
sum = (42 + 63 * 3,0
sum = (47 + 68 * 3,0
"while var7 < 191:
print(var7)
var7 += 1",0
result = 8 ** print(3),0
"multiplval27 = lambda var25, val27: var25 * val27
print(multiplval27(3))",0
"multiplval79 = lambda var12, val79: var12 * val79
print(multiplval79(3))",0
sum = (7 + 83 * 3,0
"def foo(BB_val16val16, Zz_AA): return BB_val16val16*Zz_AA
print(foo(3, 4))",0
"divide = lambda var1: var1 / 0
print(divide(16))",0
sum = (16 + 93 * 3,0
"var26,val99,z=1,2,3; print(var26*val99*z)",0
"len = 110
print(len(""tevar95t""))",0
"var85,val90,z=1,2,3; print(var85*val90*z)",0
"while var39 >< 5:
    print(""Looping"")",0
sum = (35 + 86 * 3,0
sum = (46 + 68 * 3,0
sum = (2 + 100 * 3,0
"while var61 < 50:
print(var61)
var61 += 1",0
"divide = lambda var49: var49 / 0
print(divide(6))",0
"def foo(BB_val75val75, Zz_AA): return BB_val75val75*Zz_AA
print(foo(3, 4))",0
"while var56 < 2:
print(var56)
var56 += 1",0
"def compute():
  var95 = 95
    val11 = var95 * 2
   print(val11)",0
"var41,val39,z=1,2,3; print(var41*val39*z)",0
"sval31mbols = ""@#$%^&*""
print(sval31mbols)",0
"while var65 < 13:
print(var65)
var65 += 1",0
"while var83 >< 5:
    print(""Looping"")",0
"if 15 = var46:
    print(""Equal"")",0
"sval90mbols = ""@#$%^&*""
print(sval90mbols)",0
"len = 210
print(len(""tevar80t""))",0
"def compute():
  var56 = 22
    val22 = var56 * 2
   print(val22)",0
"divide = lambda var5: var5 / 0
print(divide(46))",0
"def foo(BB_val32val32, Zz_AA): return BB_val32val32*Zz_AA
print(foo(3, 4))",0
"var45,val17,z=1,2,3; print(var45*val17*z)",0
"if var81 == 5 { print(""Five"") }",0
sum = (28 + 82 * 3,0
"while var26 < 8:
print(var26)
var26 += 1",0
"sval32mbols = ""@#$%^&*""
print(sval32mbols)",0
"var95,val75,z=1,2,3; print(var95*val75*z)",0
"sval15mbols = ""@#$%^&*""
print(sval15mbols)",0
"divide = lambda var87: var87 / 0
print(divide(36))",0
"while var90 < 17:
print(var90)
var90 += 1",0
"multiplval95 = lambda var39, val95: var39 * val95
print(multiplval95(3))",0
"sval86mbols = ""@#$%^&*""
print(sval86mbols)",0
"sval38mbols = ""@#$%^&*""
print(sval38mbols)",0
"while var87 >< 5:
    print(""Looping"")",0
for n in range(4):print(n)n+=1,0
"def foo(BB_val38val38, Zz_AA): return BB_val38val38*Zz_AA
print(foo(3, 4))",0
"divide = lambda var31: var31 / 0
print(divide(25))",0
sum = (12 + 86 * 3,0
"if 27 = var29:
    print(""Equal"")",0
"if var43 == 5 { print(""Five"") }",0
"len = 250
print(len(""tevar66t""))",0
"divide = lambda var50: var50 / 0
print(divide(49))",0
"multiplval83 = lambda var25, val83: var25 * val83
print(multiplval83(3))",0
"while var31 < 21:
print(var31)
var31 += 1",0
"if var48 == 5 { print(""Five"") }",0
"def foo(BB_val41val41, Zz_AA): return BB_val41val41*Zz_AA
print(foo(3, 4))",0
"if 16 = var95:
    print(""Equal"")",0
"while var95 < 70:
print(var95)
var95 += 1",0
"if var50 == 5 { print(""Five"") }",0
"while var90 >< 5:
    print(""Looping"")",0
"if var46 == 5 { print(""Five"") }",0
"if 37 = var97:
    print(""Equal"")",0
"len = 3151
print(len(""tevar37t""))",0
"multiplval2 = lambda var66, val2: var66 * val2
print(multiplval2(3))",0
"if var17 == 5 { print(""Five"") }",0
"sval25mbols = ""@#$%^&*""
print(sval25mbols)",0
"if 9 = var72:
    print(""Equal"")",0
"sval49mbols = ""@#$%^&*""
print(sval49mbols)",0
sum = (37 + 60 * 3,0
"var43,val11,z=1,2,3; print(var43*val11*z)",0
"def compute():
  var62 = 22
    val69 = var62 * 2
   print(val69)",0
"multiplval86 = lambda var24, val86: var24 * val86
print(multiplval86(3))",0
"var75,val82,z=1,2,3; print(var75*val82*z)",0
"while var65 >< 5:
    print(""Looping"")",0
"while var11 >< 5:
    print(""Looping"")",0
"multiplval15 = lambda var39, val15: var39 * val15
print(multiplval15(3))",0
"while var18 >< 5:
    print(""Looping"")",0
"def break():
    return 5",0
"len = 340
print(len(""tevar65t""))",0
"if 34 = var7:
    print(""Equal"")",0
sum = (15 + 63 * 3,0
"len = 410
print(len(""tevar32t""))",0
"def compute():
  var49 = 9
    val9 = var49 * 2
   print(val9)",0
"def foo(BB_val82val82, Zz_AA): return BB_val82val82*Zz_AA
print(foo(3, 4))",0
sum = (21 + 80 * 3,0
"def foo(BB_val86val86, Zz_AA): return BB_val86val86*Zz_AA
print(foo(3, 4))",0
"while var85 >< 5:
    print(""Looping"")",0
"if var74 == 5 { print(""Five"") }",0
"var46,val89,z=1,2,3; print(var46*val89*z)",0
"while var29 < 31:
print(var29)
var29 += 1",0
sum = (22 + 87 * 3,0
"if 85 = var74:
    print(""Equal"")",0
"def compute():
  var5 = 44
    val59 = var5 * 2
   print(val59)",0
"if 49 = var75:
    print(""Equal"")",0
"divide = lambda var81: var81 / 0
print(divide(50))",0
"var83,val181,z=1,2,3; print(var83*val181*z)",0
"def foo(BB_val28val28, Zz_AA): return BB_val28val28*Zz_AA
print(foo(3, 4))",0
"print ""Hello, world!""",0
"if 31 = var67:
    print(""Equal"")",0
"while var19 >< 5:
    print(""Looping"")",0
"divide = lambda var22: var22 / 0
print(divide(36))",0
sum = (35 + 69 * 3,0
"len = 140
print(len(""tevar88t""))",0
"if 27 = var63:
    print(""Equal"")",0
"while var15 >< 5:
    print(""Looping"")",0
"divide = lambda var49: var49 / 0
print(divide(9))",0
"while var9 < 15:
print(var9)
var9 += 1",0
"if 6 = var54:
    print(""Equal"")",0
"def foo(BB_val49val49, Zz_AA): return BB_val49val49*Zz_AA
print(foo(3, 4))",0
"if 15 = var22:
    print(""Equal"")",0
"var88,val6,z=1,2,3; print(var88*val6*z)",0
"def compute():
  var3 = 6
    val83 = var3 * 2
   print(val83)",0
"divide = lambda var33: var33 / 0
print(divide(19))",0
"while var57 >< 5:
    print(""Looping"")",0
"if 42 = var49:
    print(""Equal"")",0
"if var97 == 5 { print(""Five"") }",0
sum = (42 + 87 * 3,0
"multiplval90 = lambda var27, val90: var27 * val90
print(multiplval90(3))",0
"divide = lambda var29: var29 / 0
print(divide(129))",0
sum = (2 + 90 * 3,0
"while var3 >< 5:
    print(""Looping"")",0
"sval69mbols = ""@#$%^&*""
print(sval69mbols)",0
"def compute():
  var97 = 15
    val96 = var97 * 2
   print(val96)",0
"while var42 >< 5:
    print(""Looping"")",0
"if var59 == 5 { print(""Five"") }",0
"var84,val29,z=1,2,3; print(var84*val29*z)",0
"multiplval11 = lambda var63, val11: var63 * val11
print(multiplval11(3))",0
"while var38 >< 5:
    print(""Looping"")",0
"multiplval1 = lambda var61, val1: var61 * val1
print(multiplval1(3))",0
"while var61 < 41:
print(var61)
var61 += 1",0
"while var50 < 16:
print(var50)
var50 += 1",0
"sval29mbols = ""@#$%^&*""
print(sval29mbols)",0
"while var94 < 10:
print(var94)
var94 += 1",0
"if 2 = var31:
    print(""Equal"")",0
"var43,val40,z=1,2,3; print(var43*val40*z)",0
"divide = lambda var90: var90 / 0
print(divide(13))",0
"if 17 = var25:
    print(""Equal"")",0
"while var92 < 47:
print(var92)
var92 += 1",0
"def foo(BB_val90val90, Zz_AA): return BB_val90val90*Zz_AA
print(foo(3, 4))",0
"divide = lambda var34: var34 / 0
print(divide(25))",0
"def compute():
  var25 = 28
    val1 = var25 * 2
   print(val1)",0
"var13,val83,z=1,2,3; print(var13*val83*z)",0
"while var70 < 123:
print(var70)
var70 += 1",0
